"event_id","event_name","event_url","locale","current_date"
"1A4Zk7kGkd44dis","Chris Webby","https://www.ticketmaster.com/chris-webby-baltimore-maryland-10-16-2024/event/15006106D5543B31","en-us","2024-10-16"
"17A8vOG61XDFAEA","A Boogie Wit Da Hoodie: Better Off Alone Tour","https://concerts.livenation.com/a-boogie-wit-da-hoodie-better-baltimore-maryland-10-16-2024/event/150060AFBB2059C5","en-us","2024-10-16"
"G5eVZb2UOpUx_","That Mexican OT","https://www.ticketmaster.com/that-mexican-ot-greensboro-north-carolina-10-16-2024/event/2D0060FDA05B6899","en-us","2024-10-16"
"vvG1jZb1x0OsS9","Sueco - Attempted Lover Tour","https://www.ticketmaster.com/sueco-attempted-lover-tour-madison-wisconsin-10-16-2024/event/070060A8A4831CD7","en-us","2024-10-16"
"k7vGFb3U1xvN4","Citi Sound Vault presents Jack Harlow","https://concerts.livenation.com/citi-sound-vault-presents-jack-harlow-brooklyn-new-york-10-17-2024/event/0000612D8A8818D5","en-us","2024-10-16"
"vv1kv8v-v9GAu_-kr","Jeezy: Playlist Concert","https://concerts.livenation.com/jeezy-playlist-concert-cleveland-ohio-10-17-2024/event/050061057D66119E","en-us","2024-10-16"
"17A8vOG6GC3psjy","Homixide Gang - 5 ACTIVITY - MOVED TO UNION STAGE","https://concerts.livenation.com/homixide-gang-5-activity-moved-to-silver-spring-maryland-10-17-2024/event/150060C3925B1739","en-us","2024-10-16"
"1A4Zk7eGkdF2kRs","Bryson Tiller","https://www.ticketmaster.com/bryson-tiller-national-harbor-maryland-10-17-2024/event/15006102C83C6BF1","en-us","2024-10-16"
"k7vGFbKKcmzUt","che: Sayso says Bleed Tour","https://www.ticketmaster.com/che-sayso-says-bleed-tour-new-york-new-york-10-18-2024/event/00006134EDBB8DA9","en-us","2024-10-16"
"17GZvOG6227TegY","Czarface","https://www.ticketmaster.com/czarface-albany-new-york-10-18-2024/event/300060F3C4FC2D70","en-us","2024-10-16"
"k7vGFb3lFng8H","Just A Little Homecoming Weekend - Friday","https://www.ticketmaster.com/just-a-little-homecoming-weekend-friday-albany-new-york-10-18-2024/event/0000612AC8AB543C","en-us","2024-10-16"
"G5eVZbaURbVFG","Little Stranger","https://concerts.livenation.com/little-stranger-charlotte-north-carolina-10-18-2024/event/2D00609DAF63420C","en-us","2024-10-16"
"vvG10ZbC2BJJWt","Marc E. Bassy & Skizzy Mars Present: Folk Heroes North America 2024","https://concerts.livenation.com/marc-e-bassy-skizzy-mars-present-anaheim-california-10-18-2024/event/090060E3FA9A6F69","en-us","2024-10-16"
"1AvfZbaGkn95xix","Little Stranger","https://www.ticketmaster.com/little-stranger-washington-district-of-columbia-10-19-2024/event/1500609A972E2B22","en-us","2024-10-16"
"k7vGFb3l6MPCw","Just A Little Homecoming Weekend - Saturday","https://www.ticketmaster.com/just-a-little-homecoming-weekend-saturday-albany-new-york-10-19-2024/event/0000612AC7DE53B2","en-us","2024-10-16"
"17A8vOG620sZ695","Blxst - I'll Always Come Find You Tour","https://concerts.livenation.com/blxst-ill-always-come-find-you-silver-spring-maryland-10-19-2024/event/150060F9310075CB","en-us","2024-10-16"
"G5eVZbGSaS6qU","Atmosphere - The Traveling Forever Tour","https://www.ticketmaster.com/atmosphere-the-traveling-forever-tour-charleston-south-carolina-10-19-2024/event/2D0060CCC9CC7776","en-us","2024-10-16"
"k7vGFborJdQoW","Represent! with Rakim, Big Daddy Kane, MC Lyte +more!","https://www.ticketmaster.com/represent-with-rakim-big-daddy-kane-newark-new-jersey-10-19-2024/event/00006117A60DA47D","en-us","2024-10-16"
"G5vYZbC-F49wj","Andre Nickatina Live At The Ace Of Spades Sacramento","https://concerts.livenation.com/andre-nickatina-live-at-the-ace-sacramento-california-10-19-2024/event/1C0060E848557C9C","en-us","2024-10-16"
"vv17fZb8GkBmZozP","Chris Webby","https://concerts.livenation.com/chris-webby-cleveland-ohio-10-20-2024/event/0500610EAE011E25","en-us","2024-10-16"
"G5eVZb1Bnm7Ul","A Boogie Wit Da Hoodie: Better Off Alone Tour","https://concerts.livenation.com/a-boogie-wit-da-hoodie-better-charlotte-north-carolina-10-20-2024/event/2D0060AEAAB84DAB","en-us","2024-10-16"
"G5vVZbCl9FNS6","Ken Carson: Chaos Tour","https://concerts.livenation.com/ken-carson-chaos-tour-wallingford-connecticut-10-20-2024/event/1D0060EAD7223CC7","en-us","2024-10-16"
"vv178ZboGkU2Yenu","Lil Durk","https://www.ticketmaster.com/lil-durk-chicago-illinois-10-20-2024/event/0400611D8FC02A8D","en-us","2024-10-16"
"vvG1VZbG3_fo0V","Santa Fe Klan - Blanco y Negro US Tour","https://www.ticketmaster.com/santa-fe-klan-blanco-y-negro-tampa-florida-10-20-2024/event/0D0060C499511934","en-us","2024-10-16"
"vvG1bZbuK-Hbly","PROF - The Final Showing Tour","https://www.ticketmaster.com/prof-the-final-showing-tour-saint-louis-missouri-10-20-2024/event/060060D4E1F18AF9","en-us","2024-10-16"
"vv1AaZk79GkdpR0Nf","Rod Wave - Last Lap Tour","https://www.ticketmaster.com/rod-wave-last-lap-tour-inglewood-california-10-20-2024/event/09006117D6BE48D4","en-us","2024-10-16"
"vvG17Zb5TMxB7U","Homixide Gang - 5 Activity","https://concerts.livenation.com/homixide-gang-5-activity-boston-massachusetts-10-22-2024/event/010060BFF78BA136","en-us","2024-10-16"
"vvG17Zb1NJaMzS","Sueco - Attempted Lover Tour","https://concerts.livenation.com/sueco-attempted-lover-tour-boston-massachusetts-10-23-2024/event/010060A8E6277E33","en-us","2024-10-16"
"17FOvOG6Gbozx3O","Alvaro Diaz","https://concerts.livenation.com/alvaro-diaz-orlando-florida-10-23-2024/event/220060C611E224A0","en-us","2024-10-16"
"G5vVZbKeH_odR","GUNNA: Wun of Dem Nights","https://concerts.livenation.com/gunna-wun-of-dem-nights-wallingford-connecticut-10-23-2024/event/1D006130BC6510EF","en-us","2024-10-16"
"vvG1VZb1TszS6F","A Boogie Wit Da Hoodie: Better Off Alone Tour","https://www.ticketmaster.com/a-boogie-wit-da-hoodie-better-tampa-florida-10-23-2024/event/0D0060AFF1E331C8","en-us","2024-10-16"
"17FZvOG62Mm1eug","That Mexican OT","https://www.ticketmaster.com/that-mexican-ot-birmingham-alabama-10-23-2024/event/200060FDEE282375","en-us","2024-10-16"
"vv17jZboGklQ7xSJ","Luh Tyler: Mr Skii Tour","https://www.ticketmaster.com/luh-tyler-mr-skii-tour-madison-wisconsin-10-23-2024/event/0700611ADA122CE6","en-us","2024-10-16"
"vvG17Zb2XT_zbV","Terror Reid","https://concerts.livenation.com/terror-reid-boston-massachusetts-10-24-2024/event/010060FFBF678634","en-us","2024-10-16"
"17A8vOG65r_w-RP","Vince Staples - Black in America Tour","https://www.ticketmaster.com/vince-staples-black-in-america-tour-washington-district-of-columbia-10-24-2024/event/150060B799CA1BE5","en-us","2024-10-16"
"G5dIZbomwX48b","Akeem Ali - The Golden Groove Tour","https://www.ticketmaster.com/akeem-ali-the-golden-groove-tour-houston-texas-10-24-2024/event/3A00611BB2F95418","en-us","2024-10-16"
"vvG1IZb2X_3xBS","Db.boutabag","https://concerts.livenation.com/dbboutabag-san-diego-california-10-24-2024/event/0A0060FF994A2EB3","en-us","2024-10-16"
"1AYZk7tGkdowfv9","Power 99 Presents POWERHOUSE","https://www.ticketmaster.com/power-99-presents-powerhouse-philadelphia-pennsylvania-10-25-2024/event/30006129D1C94057","en-us","2024-10-16"
"vvG1zZbuJgM3ka","Rob49 and Skilla Baby","https://www.ticketmaster.com/rob49-and-skilla-baby-savannah-georgia-10-25-2024/event/0E0060D9B5DD2189","en-us","2024-10-16"
"k7vGFbCRuBICR","Ken Carson","https://www.ticketmaster.com/ken-carson-buffalo-new-york-10-25-2024/event/000060EBCDEA83AF","en-us","2024-10-16"
"1AeZZb8GkwB6-u0","DeJ Loaf - WHERE MY FANS TOUR","https://www.ticketmaster.com/dej-loaf-where-my-fans-tour-birmingham-alabama-10-25-2024/event/2000610CBA1E1364","en-us","2024-10-16"
"vvG1OZb2NLsNVo","Blxst - I'll Always Come Find You Tour","https://concerts.livenation.com/blxst-ill-always-come-find-you-detroit-michigan-10-26-2024/event/080060F8DFC63D11","en-us","2024-10-16"
"vv1AeZk7eGkePQ_18","Terror Reid - Manifesto Tour","https://concerts.livenation.com/terror-reid-manifesto-tour-philadelphia-pennsylvania-10-26-2024/event/02006102A5699290","en-us","2024-10-16"
"vvG1jZbGSNIS0n","Atmosphere - The Traveling Forever Tour","https://www.ticketmaster.com/atmosphere-the-traveling-forever-tour-madison-wisconsin-10-26-2024/event/070060CCE3A3392A","en-us","2024-10-16"
"vvG1YZbupsXSRx","Don Toliver - Psycho Tour","https://www.ticketmaster.com/don-toliver-psycho-tour-dallas-texas-10-27-2024/event/0C0060D5B1FB3BE2","en-us","2024-10-16"
"G5viZb8EDFbiY","Latto - Sugar Honey Iced Tea Tour","https://www.ticketmaster.com/latto-sugar-honey-iced-tea-tour-nashville-tennessee-10-27-2024/event/1B006109FB218B30","en-us","2024-10-16"
"vvG17Zb2xc1dUX","Blxst - I'll Always Come Find You Tour","https://concerts.livenation.com/blxst-ill-always-come-find-you-boston-massachusetts-10-15-2024/event/010060F8AD283DBE","en-us","2024-10-16"
"vvG17ZbC6rcMMU","Brooke Candy (18+)","https://concerts.livenation.com/brooke-candy-18-boston-massachusetts-10-15-2024/event/010060E1DEB77DF6","en-us","2024-10-16"
"17FZvOG6uh9nsD4","Post Malone: F-1 Trillion Tour","https://concerts.livenation.com/post-malone-f1-trillion-tour-birmingham-alabama-10-15-2024/event/200060D6D7AB1ED5","en-us","2024-10-16"
"G5dIZbu3p0KSc","Prof with GRIP, Norman Sann, and Willie Wonka","https://concerts.livenation.com/prof-with-grip-norman-sann-and-austin-texas-10-16-2024/event/3A0060D496913CED","en-us","2024-10-16"
"G5eVZbG2ay0nk","Homixide Gang: 5 ACTIVITY","https://concerts.livenation.com/homixide-gang-5-activity-charlotte-north-carolina-10-16-2024/event/2D0060C3C9E64A86","en-us","2024-10-16"
"vvG1IZbGLeSAhY","Juvenile w/ The 400 Degreez Band","https://concerts.livenation.com/juvenile-w-the-400-degreez-band-san-diego-california-10-16-2024/event/0A0060C7C2CC56F0","en-us","2024-10-16"
"G5eVZb2lGUBCK","That Mexican OT","https://concerts.livenation.com/that-mexican-ot-north-myrtle-beach-south-carolina-10-17-2024/event/2D0060FACCDBA393","en-us","2024-10-16"
"vv1AvZk7kGkeTcPBP","42Dugg","https://www.ticketmaster.com/42dugg-boston-massachusetts-10-17-2024/event/01006106BFB65EA5","en-us","2024-10-16"
"1AvfZb3Gkwh7fHP","Creative Nation Presents Sexyy Red","https://www.ticketmaster.com/creative-nation-presents-sexyy-red-washington-district-of-columbia-10-17-2024/event/1500612C9B114F25","en-us","2024-10-16"
"G5dIZbuwq3xWb","SNOTTY NOSE REZ KIDS - RED FUTURE","https://concerts.livenation.com/snotty-nose-rez-kids-red-future-houston-texas-10-17-2024/event/3A0060DC9D4A2F58","en-us","2024-10-16"
"vvG1VZb8VAb0m6","DeJ Loaf ""Where My Fans Tour"" (End of Summer)","https://www.ticketmaster.com/dej-loaf-where-my-fans-tour-ft-lauderdale-florida-10-18-2024/event/0D00610D05624B87","en-us","2024-10-16"
"vv178ZbaGkl7qdZM","Sueco - Attempted Lover Tour","https://concerts.livenation.com/sueco-attempted-lover-tour-chicago-illinois-10-18-2024/event/0400609AC4743037","en-us","2024-10-16"
"vvG1VZb5BOG3kc","Santa Fe Klan - Blanco y Negro US Tour","https://concerts.livenation.com/santa-fe-klan-blanco-y-negro-miami-florida-10-18-2024/event/0D0060BEA03121AD","en-us","2024-10-16"
"G5eVZbCT_AANQ","NCA&T Homecoming Concert","https://www.ticketmaster.com/ncat-homecoming-concert-greensboro-north-carolina-10-19-2024/event/2D0060EFD91458DA","en-us","2024-10-16"
"G5eVZbK2L9I9t","HOLLYWOOD THE PROMOTER PRESENTS BOOSIE (18+)","https://concerts.livenation.com/hollywood-the-promoter-presents-boosie-18-north-myrtle-beach-south-carolina-10-19-2024/event/2D006133DF5E85E9","en-us","2024-10-16"
"17AYvOG62THFFFP","West Coast Takeover","https://www.ticketmaster.com/west-coast-takeover-primm-nevada-10-19-2024/event/170060FFFC208225","en-us","2024-10-16"
"1A_Zk78GkdJzfjx","SonReal: All Things Aside Tour @ 191 Toole","https://www.ticketmaster.com/sonreal-all-things-aside-tour-191-tucson-arizona-10-20-2024/event/19006110E6E14722","en-us","2024-10-16"
"k7vGFb8Lo94Ig","42 Dugg","https://concerts.livenation.com/42-dugg-new-york-new-york-10-21-2024/event/00006107D15D5A35","en-us","2024-10-16"
"k7vGFb3SKyzVx","GUNNA: Wun of Dem Nights","https://concerts.livenation.com/gunna-wun-of-dem-nights-brooklyn-new-york-10-21-2024/event/0000612CD3E78D22","en-us","2024-10-16"
"vv177Zb3GkSoy_oZ","GUNNA: Wun of Dem Nights","https://www.ticketmaster.com/gunna-wun-of-dem-nights-boston-massachusetts-10-22-2024/event/0100612CD1E59440","en-us","2024-10-16"
"G5viZboSBFEQ5","INSANE CLOWN POSSE ""TRAIN OF TERROR TOUR""","https://www.ticketmaster.com/insane-clown-posse-train-of-terror-nashville-tennessee-10-23-2024/event/1B00611CFA22768B","en-us","2024-10-16"
"G5dIZbuGsmErT","Don Toliver - Psycho Tour","https://www.ticketmaster.com/don-toliver-psycho-tour-austin-texas-10-23-2024/event/3A0060D331BA77BF","en-us","2024-10-16"
"G5vYZbkTo4UOw","LA SANTA GRIFA with DHARIUS: QUE SIGA LA MATA DANDO TOUR 2024","https://concerts.livenation.com/la-santa-grifa-with-dharius-que-sacramento-california-10-23-2024/event/1C00606FD1576832","en-us","2024-10-16"
"G5vYZb5MWEJed","G-Eazy - Freak Show","https://www.ticketmaster.com/geazy-freak-show-berkeley-california-10-24-2024/event/1C0060BDFD9E6083","en-us","2024-10-16"
"vvG10ZbCR02qGw","PJ Sin Suela","https://www.ticketmaster.com/pj-sin-suela-los-angeles-california-10-24-2024/event/090060EBE43DD332","en-us","2024-10-16"
"vv17FZb8GkDlSMbt","Chris Webby","https://www.ticketmaster.com/chris-webby-reading-pennsylvania-10-25-2024/event/0200610EEBCF7629","en-us","2024-10-16"
"G5dIZb5E3APHK","Santa Fe Klan - Blanco y Negro US Tour","https://www.ticketmaster.com/santa-fe-klan-blanco-y-negro-hidalgo-texas-10-25-2024/event/3A0060B9D2165F13","en-us","2024-10-16"
"1AeFZb3GkUae-u4","Trap Karaoke","https://www.ticketmaster.com/trap-karaoke-orlando-florida-10-26-2024/event/2200612D890A1355","en-us","2024-10-16"
"G5eVZbGBkhxUy","The Best of Both Worlds","https://www.ticketmaster.com/the-best-of-both-worlds-florence-south-carolina-10-26-2024/event/2D0060CE866E2DB9","en-us","2024-10-16"
"G5dIZb5YlfkJi","Santa Fe Klan - Blanco y Negro US Tour","https://www.ticketmaster.com/santa-fe-klan-blanco-y-negro-laredo-texas-10-26-2024/event/3A0060BC2B5069AC","en-us","2024-10-16"
"vvG1iZb630Woq1","LA SANTA GRIFA with DHARIUS Plus Guests","https://concerts.livenation.com/la-santa-grifa-with-dharius-plus-riverside-california-10-26-2024/event/0B006074A4F5174A","en-us","2024-10-16"
"vvG1OZb2la_VL1","That Mexican OT","https://concerts.livenation.com/that-mexican-ot-detroit-michigan-10-27-2024/event/080060FAC96747CA","en-us","2024-10-16"
"G5viZbCN1p4Wv","03 Greedo with DJ A-Tron - ""The Life That I Deserve Tour""","https://concerts.livenation.com/03-greedo-with-dj-atron-the-new-orleans-louisiana-10-27-2024/event/1B0060E8CA595F41","en-us","2024-10-16"
"17k8vOG612OBV60","Childish Gambino - The New World Tour","https://www.ticketmaster.com/childish-gambino-the-new-world-tour-phoenix-arizona-10-04-2024/event/190060A3E0EB41E4","en-us","2024-10-16"
"G5vYZbu3DdVcT","Don Toliver - Psycho Tour","https://www.ticketmaster.com/don-toliver-psycho-tour-san-francisco-california-10-15-2024/event/1C0060D4BB0F4B7F","en-us","2024-10-16"
"17AOvOG6CkBa7Ol","Lil Wayne - LIVE IN CONCERT","https://www.ticketmaster.com/lil-wayne-live-in-concert-louisville-kentucky-10-16-2024/event/160060E1BA24482B","en-us","2024-10-16"
"vvG17ZbGn7Wsbj","Abhi The Nomad","https://www.ticketmaster.com/abhi-the-nomad-somerville-massachusetts-10-16-2024/event/010060CA84F7161C","en-us","2024-10-16"
"vv170Zb8Gkz5PPJJ","Your Old Droog with The Koreatown Oddity","https://concerts.livenation.com/your-old-droog-with-the-koreatown-los-angeles-california-10-16-2024/event/0900610E0B9659A6","en-us","2024-10-16"
"vvG1fZbC7d_ksm","Lil Wayne - LIVE IN CONCERT","https://www.ticketmaster.com/lil-wayne-live-in-concert-columbus-ohio-10-17-2024/event/050060E103646C6E","en-us","2024-10-16"
"vv170Zb8GkDJ4V2v","SonReal","https://concerts.livenation.com/sonreal-anaheim-california-10-17-2024/event/0900610EE65743C1","en-us","2024-10-16"
"vv170ZbFGkzQuNL1","El Cuarteto De Nos","https://concerts.livenation.com/el-cuarteto-de-nos-los-angeles-california-10-17-2024/event/0900608E1A3637CA","en-us","2024-10-16"
"vvG1IZbC14hx4B","Marc E. Bassy & Skizzy Mars Present: Folk Heroes North America 2024","https://concerts.livenation.com/marc-e-bassy-skizzy-mars-present-san-diego-california-10-17-2024/event/0A0060E2956E257A","en-us","2024-10-16"
"vv17OZb8GkDdzxEC","Too $hort wsg Stevie Stone","https://www.ticketmaster.com/too-hort-wsg-stevie-stone-detroit-michigan-10-18-2024/event/0800610EC3E229CE","en-us","2024-10-16"
"vvG1FZbG2-EAZO","Homixide Gang","https://concerts.livenation.com/homixide-gang-philadelphia-pennsylvania-10-18-2024/event/020060C3E19C5020","en-us","2024-10-16"
"vvG10ZbC9CIVLr","Nick Cannon Presents: MTV Wild 'N Out Live","https://www.ticketmaster.com/nick-cannon-presents-mtv-wild-n-inglewood-california-10-18-2024/event/090060E5CEA347DE","en-us","2024-10-16"
"vvG10ZbGzkzk_m","Ying Yang Twins & Yung Joc","https://www.ticketmaster.com/ying-yang-twins-yung-joc-cabazon-california-10-18-2024/event/090060CE06E0666E","en-us","2024-10-16"
"vvG1jZbumiiSdg","Lil Wayne - LIVE IN CONCERT","https://www.ticketmaster.com/lil-wayne-live-in-concert-milwaukee-wisconsin-10-19-2024/event/070060DBACB330F5","en-us","2024-10-16"
"G5vzZb22JT40R","Lupe Fiasco - Samurai Tour","https://concerts.livenation.com/lupe-fiasco-samurai-tour-denver-colorado-10-19-2024/event/1E0060F3E6FD592F","en-us","2024-10-16"
"1Av0Zb6GkSfdNUM","Ice Cube - Nightmare on Cube Street","https://www.ticketmaster.com/ice-cube-nightmare-on-cube-street-phoenix-arizona-10-19-2024/event/1900607CD40E3DB7","en-us","2024-10-16"
"G5eYZbuCuF8Y7","Don Toliver - Psycho Tour","https://www.ticketmaster.com/don-toliver-psycho-tour-los-angeles-california-10-19-2024/event/2C0060D38D210C04","en-us","2024-10-16"
"vvG1HZb89xQ4jQ","Wale - Every Blue Moon Tour","https://www.ticketmaster.com/wale-every-blue-moon-tour-seattle-washington-10-19-2024/event/0F006105E269571A","en-us","2024-10-16"
"vvG1zZb3nIUx3q","Yhapojj","https://www.ticketmaster.com/yhapojj-atlanta-georgia-10-20-2024/event/0E00612AA8DA249D","en-us","2024-10-16"
"vvG1bZb5SJYU8F","Struggle Jennings: The El Camino Tour","https://www.ticketmaster.com/struggle-jennings-the-el-camino-tour-columbia-missouri-10-20-2024/event/060060BCE6C36408","en-us","2024-10-16"
"vvG10ZbGL-MJm_","Juvenile","https://concerts.livenation.com/juvenile-anaheim-california-10-20-2024/event/090060C7E1DE6B99","en-us","2024-10-16"
"17k8vOG6CtBYo5e","03 Greedo","https://www.ticketmaster.com/03-greedo-mesa-arizona-10-20-2024/event/190060EA7AC112C2","en-us","2024-10-16"
"vv1AaZk7yGkeBDSu_","Nowhen - Moments In Sound w/ Igwe Aka","https://www.ticketmaster.com/nowhen-moments-in-sound-w-igwe-los-angeles-california-10-20-2024/event/09006139BAEF3359","en-us","2024-10-16"
"vvG1YZbKGu0AmL","Bak Jay","https://concerts.livenation.com/bak-jay-dallas-texas-10-21-2024/event/0C0061330D905B9F","en-us","2024-10-16"
"vvG1bZbC1w6wGP","SNOTTY NOSE REZ KIDS - RED FUTURE","https://www.ticketmaster.com/snotty-nose-rez-kids-red-future-kansas-city-missouri-10-21-2024/event/060060E2B21F2325","en-us","2024-10-16"
"vvG17ZbGUw_Avs","Atmosphere - The Traveling Forever Tour","https://www.ticketmaster.com/atmosphere-the-traveling-forever-tour-charlottesville-virginia-10-23-2024/event/010060CDB2645071","en-us","2024-10-16"
"G5dIZb2BN9fDL","Post Malone: F-1 Trillion Tour","https://concerts.livenation.com/post-malone-f1-trillion-tour-the-woodlands-texas-10-23-2024/event/3A0060FEA35D4EDF","en-us","2024-10-16"
"G5vzZbuSPk966","SNOTTY NOSE REZ KIDS - RED FUTURE","https://concerts.livenation.com/snotty-nose-rez-kids-red-future-denver-colorado-10-23-2024/event/1E0060DCE51971C7","en-us","2024-10-16"
"G5vYZb2x3sSmF","Wale - Every Blue Moon Tour","https://concerts.livenation.com/wale-every-blue-moon-tour-san-francisco-california-10-23-2024/event/1C0060F892C73B88","en-us","2024-10-16"
"17A8vOG6uRgQk3O","PawPaw Rod - Doobie Mouth Tour","https://www.ticketmaster.com/pawpaw-rod-doobie-mouth-tour-washington-district-of-columbia-10-24-2024/event/150060DBF56864A0","en-us","2024-10-16"
"17FOvOG62e4aZXf","UCF Homecoming Concert - NLE Choppa","https://www.ticketmaster.com/ucf-homecoming-concert-nle-choppa-orlando-florida-10-24-2024/event/220060F095240F94","en-us","2024-10-16"
"1AeZZboGkBts33r","INSANE CLOWN POSSE - TRAIN OF TERROR TOUR","https://www.ticketmaster.com/insane-clown-posse-train-of-terror-birmingham-alabama-10-24-2024/event/2000611EA9C5249E","en-us","2024-10-16"
"vvG1VZb1Xw_3Fg","A Boogie Wit Da Hoodie: Better Off Alone Tour","https://concerts.livenation.com/a-boogie-wit-da-hoodie-better-miami-florida-10-24-2024/event/0D0060AFB2652235","en-us","2024-10-16"
"G5vzZboeYFgJS","POLO G: THE HOOD POET TOUR 2024","https://concerts.livenation.com/polo-g-the-hood-poet-tour-denver-colorado-10-24-2024/event/1E006110B02359B3","en-us","2024-10-16"
"vvG1bZb2rrK7Bx","Blxst - I'll Always Come Find You Tour","https://www.ticketmaster.com/blxst-ill-always-come-find-you-saint-louis-missouri-10-24-2024/event/060060F79E4C4EA2","en-us","2024-10-16"
"vvG1zZb1kLySEu","Little Stranger","https://www.ticketmaster.com/little-stranger-atlanta-georgia-10-25-2024/event/0E0060A19FE739CD","en-us","2024-10-16"
"17FOvOG6CJqc-3y","Juvenile","https://www.ticketmaster.com/juvenile-st-augustine-florida-10-25-2024/event/220060E99DB614B9","en-us","2024-10-16"
"vvG1fZbGwbK6aO","Atmosphere","https://www.ticketmaster.com/atmosphere-nashville-indiana-10-25-2024/event/050060CC984C7260","en-us","2024-10-16"
"vvG1zZboLrJkod","Xavier Wulf: HSG Street Chasers Tour","https://www.ticketmaster.com/xavier-wulf-hsg-street-chasers-tour-atlanta-georgia-10-25-2024/event/0E006117DE986443","en-us","2024-10-16"
"G5vYZboQ_0eiW","Rod Wave - Last Lap Tour","https://www.ticketmaster.com/rod-wave-last-lap-tour-sacramento-california-10-25-2024/event/1C00611699902B3D","en-us","2024-10-16"
"vv1ke8v-vzGA2voLC","Wale - Every Blue Moon Tour","https://concerts.livenation.com/wale-every-blue-moon-tour-los-angeles-california-10-25-2024/event/090061078F0517CE","en-us","2024-10-16"
"k7vGFb1N_fMI8","Sueco - Attempted Lover Tour","https://concerts.livenation.com/sueco-attempted-lover-tour-new-york-new-york-10-26-2024/event/000060A8D9537A10","en-us","2024-10-16"
"17A8vOG6u3QkwBF","DIE ANTWOORD: FLAME ON MUDDAF*CKA - North & South American Tour 2024","https://www.ticketmaster.com/die-antwoord-flame-on-muddafcka-north-washington-district-of-columbia-10-26-2024/event/150060D49A1B2E88","en-us","2024-10-16"
"vv17bZboGkMURERI","Insane Clown Posse: Train Of Terror Tour","https://www.ticketmaster.com/insane-clown-posse-train-of-terror-columbia-missouri-10-26-2024/event/0600611DF6BE7BE8","en-us","2024-10-16"
"G5viZb39UCdcl","2Ls Presents: Nightmare on 3rd St","https://www.ticketmaster.com/2ls-presents-nightmare-on-3rd-st-nashville-tennessee-10-26-2024/event/1B006125F6383B6B","en-us","2024-10-16"
"G5viZb8MuXM_G","DeJ Loaf ""Where My Fans Tour""","https://www.ticketmaster.com/dej-loaf-where-my-fans-tour-new-orleans-louisiana-10-26-2024/event/1B00610DCDFB764C","en-us","2024-10-16"
"vvG1iZb8rT_-J0","Wale - Every Blue Moon Tour","https://concerts.livenation.com/wale-every-blue-moon-tour-san-diego-california-10-26-2024/event/0B006107BF6619A4","en-us","2024-10-16"
"vvG1FZbG9CkzN2","DJ  Aktive presents ""Protect Ya Neck""","https://www.ticketmaster.com/dj-aktive-presents-protect-ya-neck-philadelphia-pennsylvania-10-27-2024/event/020060C5CE1B88CF","en-us","2024-10-16"
"vv1kvOv-7FGA5gAH-","POLO G: THE HOOD POET TOUR 2024","https://www.ticketmaster.com/polo-g-the-hood-poet-tour-minneapolis-minnesota-10-27-2024/event/060061108BD45F21","en-us","2024-10-16"
"vvG1YZb8Dxd0Li","SonReal - All Things Aside Tour","https://concerts.livenation.com/sonreal-all-things-aside-tour-dallas-texas-10-27-2024/event/0C00610EE20E47EC","en-us","2024-10-16"
"vvG1bZb10fjF60","Sueco - Attempted Lover Tour","https://concerts.livenation.com/sueco-attempted-lover-tour-minneapolis-minnesota-10-15-2024/event/060060A9147081E4","en-us","2024-10-16"
"vvG1YZbFJVC-TT","El Cuarteto De Nos","https://concerts.livenation.com/el-cuarteto-de-nos-dallas-texas-10-15-2024/event/0C006089B43A1FFF","en-us","2024-10-16"
"G5vzZb8ry_eUM","Wale - Every Blue Moon Tour","https://concerts.livenation.com/wale-every-blue-moon-tour-salt-lake-city-utah-10-15-2024/event/1E006107B9642DB7","en-us","2024-10-16"
"17k8vOG6C5OBV_C","Marc E. Bassy & Skizzy Mars Present: Folk Heroes North America 2024","https://www.ticketmaster.com/marc-e-bassy-skizzy-mars-present-mesa-arizona-10-15-2024/event/190060E2E0EB464E","en-us","2024-10-16"
"vvG1FZb2Jbhgg2","Blxst - I'll Always Come Find You Tour","https://www.ticketmaster.com/blxst-ill-always-come-find-you-philadelphia-pennsylvania-10-16-2024/event/020060F9986F5D4F","en-us","2024-10-16"
"G5viZbupmLfiu","Post Malone: F-1 Trillion Tour","https://www.ticketmaster.com/post-malone-f1-trillion-tour-orange-beach-alabama-10-17-2024/event/1B0060D5AE7D4B0D","en-us","2024-10-16"
"vv1A8v-7aGAG4AD5","Glorilla, Bossman Dlow and 41","https://www.ticketmaster.com/glorilla-bossman-dlow-and-41-providence-rhode-island-10-18-2024/event/010061109C545ECB","en-us","2024-10-16"
"G5vzZbCwGY-xd","Sam Lachow","https://concerts.livenation.com/sam-lachow-denver-colorado-10-18-2024/event/1E0060EC8CC21883","en-us","2024-10-16"
"17k8vOG6upfi-xZ","Don Toliver - Psycho Tour","https://www.ticketmaster.com/don-toliver-psycho-tour-phoenix-arizona-10-18-2024/event/190060D594B21880","en-us","2024-10-16"
"vv1AaZk7kGkdG6xZl","Jutes","https://www.ticketmaster.com/jutes-los-angeles-california-10-18-2024/event/09006106CC1E202B","en-us","2024-10-16"
"vvG1FZbC1g5Jbn","T.I., Fat Joe, Fabolous","https://www.ticketmaster.com/ti-fat-joe-fabolous-reading-pennsylvania-10-19-2024/event/020060E2B52E662A","en-us","2024-10-16"
"vvG1zZb1XWJ0ia","A Boogie Wit Da Hoodie: Better Off Alone Tour","https://concerts.livenation.com/a-boogie-wit-da-hoodie-better-atlanta-georgia-10-19-2024/event/0E0060AFBD9A4B09","en-us","2024-10-16"
"vvG1jZbuprWK9m","Prof","https://www.ticketmaster.com/prof-madison-wisconsin-10-19-2024/event/070060D59EF535EE","en-us","2024-10-16"
"1kA8v-GaGA15wbz","GUNNA: Wun of Dem Nights","https://www.ticketmaster.com/gunna-wun-of-dem-nights-washington-district-of-columbia-10-19-2024/event/150061309A2F2638","en-us","2024-10-16"
"1kk8v-kZGAuE76D","Rod Wave - Last Lap Tour","https://www.ticketmaster.com/rod-wave-last-lap-tour-glendale-arizona-10-19-2024/event/190061180D9C41FB","en-us","2024-10-16"
"vvG10ZbC57td60","Marc E. Bassy & Skizzy Mars Present: Folk Heroes North America 2024","https://www.ticketmaster.com/marc-e-bassy-skizzy-mars-present-los-angeles-california-10-19-2024/event/090060E2C4A431E4","en-us","2024-10-16"
"1AvfZboGklntgdg","NLE Choppa","https://www.ticketmaster.com/nle-choppa-washington-district-of-columbia-10-20-2024/event/1500611AEAA750F5","en-us","2024-10-16"
"vvG1VZb2nH5NuQ","That Mexican OT","https://www.ticketmaster.com/that-mexican-ot-ft-lauderdale-florida-10-20-2024/event/0D0060FABC2E335A","en-us","2024-10-16"
"vvG1IZbuC72vE8","Don Toliver - Psycho Tour","https://www.ticketmaster.com/don-toliver-psycho-tour-san-diego-california-10-20-2024/event/0A0060D3843C19D0","en-us","2024-10-16"
"vvG1zZbC1LXw-w","PawPaw Rod - Doobie Mouth Tour","https://www.ticketmaster.com/pawpaw-rod-doobie-mouth-tour-atlanta-georgia-10-21-2024/event/0E0060E29FFB2872","en-us","2024-10-16"
"vvG17Zbu3Sb0zO","DIE ANTWOORD: FLAME ON MUDDAF*CKA - North & South American Tour 2024","https://www.ticketmaster.com/die-antwoord-flame-on-muddafcka-north-boston-massachusetts-10-21-2024/event/010060D4B3624E20","en-us","2024-10-16"
"vvG1FZbCwh8wPm","Ken Carson: Chaos Tour","https://www.ticketmaster.com/ken-carson-chaos-tour-montclair-new-jersey-10-21-2024/event/020060EC9B43296E","en-us","2024-10-16"
"G5vYZboQuU3j_","Rod Wave - Last Lap Tour","https://www.ticketmaster.com/rod-wave-last-lap-tour-oakland-california-10-21-2024/event/1C0061168DD92719","en-us","2024-10-16"
"17AOvOG61jdFJIq","Little Stranger","https://concerts.livenation.com/little-stranger-cincinnati-ohio-10-22-2024/event/160060A703226A1D","en-us","2024-10-16"
"17FOvOG61TEPxKz","A Boogie Wit Da Hoodie: Better Off Alone Tour","https://www.ticketmaster.com/a-boogie-wit-da-hoodie-better-jacksonville-florida-10-22-2024/event/220060AFE79624F8","en-us","2024-10-16"
"G5dIZb2JMKg1r","Post Malone: F-1 Trillion Tour","https://concerts.livenation.com/post-malone-f1-trillion-tour-the-woodlands-texas-10-22-2024/event/3A0060F9B74F529E","en-us","2024-10-16"
"vvG1bZbupqUA6_","nobigdyl. - ""the people we became"" Tour","https://www.ticketmaster.com/nobigdyl-the-people-we-became-tour-kansas-city-missouri-10-22-2024/event/060060D59DD851D9","en-us","2024-10-16"
"G5eVZb80FWQ7Z","DeJ Loaf ""Where My Fans Tour""","https://www.ticketmaster.com/dej-loaf-where-my-fans-tour-columbia-south-carolina-10-23-2024/event/2D00610908F5A100","en-us","2024-10-16"
"k7vGFbCwb5sUp","Ken Carson: Chaos Tour","https://www.ticketmaster.com/ken-carson-chaos-tour-huntington-new-york-10-24-2024/event/000060EC982F1D96","en-us","2024-10-16"
"vv1AFZk7yGkdatNSe","BabyTron","https://concerts.livenation.com/babytron-detroit-michigan-10-25-2024/event/08006139C9A63CC2","en-us","2024-10-16"
"G5dIZb8gDRv8w","SonReal","https://concerts.livenation.com/sonreal-houston-texas-10-25-2024/event/3A00610D7BBC1432","en-us","2024-10-16"
"G5vVZb3mQB-A9","TLC","https://www.ticketmaster.com/tlc-ledyard-connecticut-10-25-2024/event/1D00612B9AEA1157","en-us","2024-10-16"
"vvG1VZb8EeHx4i","Latto - Sugar Honey Iced Tea Tour","https://www.ticketmaster.com/latto-sugar-honey-iced-tea-tour-tampa-florida-10-25-2024/event/0D006109C2F2256C","en-us","2024-10-16"
"vvG17ZbGzj-5bP","Slick Rick - Big Daddy Kane - Sugarhill Gang - Grandmaster Dee","https://www.ticketmaster.com/slick-rick-big-daddy-kane-sugarhill-lynn-massachusetts-10-26-2024/event/010060CE1C84B625","en-us","2024-10-16"
"G5dIZb2LJjMXC","Post Malone: F-1 Trillion Tour","https://www.ticketmaster.com/post-malone-f1-trillion-tour-austin-texas-10-26-2024/event/3A0060F7E6737F8E","en-us","2024-10-16"
"17AOvOG6CRsd0pa","BigXthaPlug: Take Care Tour","https://concerts.livenation.com/bigxthaplug-take-care-tour-louisville-kentucky-10-27-2024/event/160060EBF10E4589","en-us","2024-10-16"
"G5dIZb2xl30Mi","Post Malone: F-1 Trillion Tour","https://www.ticketmaster.com/post-malone-f1-trillion-tour-austin-texas-10-27-2024/event/3A0060F8AB4A4DEC","en-us","2024-10-16"
"G5viZb8Y224Rg","Dej Loaf ""Where My Fans Tour"" Fall 2024","https://www.ticketmaster.com/dej-loaf-where-my-fans-tour-memphis-tennessee-10-27-2024/event/1B00610C0F3D5BF5","en-us","2024-10-16"
"G5viZboXsE4eW","Juvenile with Mannie Fresh & The 400 Degreez Band","https://www.ticketmaster.com/juvenile-with-mannie-fresh-the-400-pensacola-florida-10-27-2024/event/1B00611FB19D50BD","en-us","2024-10-16"
"1A_Zk76Gkew2sEi","Wale - Every Blue Moon Tour","https://concerts.livenation.com/wale-every-blue-moon-tour-phoenix-arizona-10-27-2024/event/19006107B23F19EC","en-us","2024-10-16"
